,movie_id,titleType,primaryTitle,originalTitle,isAdult,startYear,endYear,runtimeMinutes,genres
0,1,movie,Na Boca da Noite,Na Boca da Noite,0,2016,\N,68,Drama
1,2,short,Miedzy Wroclawiem a Zielona Gv=ra,Miedzy Wroclawiem a Zielona Gv=ra,0,2010,\N,11,"Documentary,Short"
2,3,movie,The Other Side of the Wind,The Other Side of the Wind,0,2018,\N,122,"Comedy,Drama"
3,4,movie,Chief Zabu,Chief Zabu,0,2016,\N,74,Comedy
4,5,movie,The Wandering Soap Opera,La Telenovela Errante,0,2017,\N,80,"Comedy,Drama,Fantasy"
5,6,movie,Bigfoot,Bigfoot,0,2017,\N,\N,"Horror,Thriller"
6,7,short,Landscape with the Fall of Icarus,Landscape with the Fall of Icarus,0,2016,\N,26,"Animation,Short"
7,8,movie,Joe Finds Grace,Joe Finds Grace,0,2017,\N,83,"Adventure,Animation,Comedy"
8,9,movie,Nema aviona za Zagreb,Nema aviona za Zagreb,0,2012,\N,82,Biography
9,10,movie,Pv°l Adrienn,Pv°l Adrienn,0,2010,\N,136,Drama
10,11,movie,So Much for Justice!,Oda az igazsv°g,0,2010,\N,100,History
11,12,movie,Cooper and Hemingway: The True Gen,Cooper and Hemingway: The True Gen,0,2013,\N,180,Documentary
12,1088,movie,Na Boca da Noite,Na Boca da Noite,0,2016,\N,68,Drama
13,1089,short,Miedzy Wroclawiem a Zielona Gv=ra,Miedzy Wroclawiem a Zielona Gv=ra,0,2010,\N,11,"Documentary,Short"
14,1090,movie,The Other Side of the Wind,The Other Side of the Wind,0,2018,\N,122,"Comedy,Drama"
15,1091,movie,Chief Zabu,Chief Zabu,0,2016,\N,74,Comedy
16,1092,movie,The Wandering Soap Opera,La Telenovela Errante,0,2017,\N,80,"Comedy,Drama,Fantasy"
17,1093,movie,Bigfoot,Bigfoot,0,2017,\N,\N,"Horror,Thriller"
18,1094,short,Landscape with the Fall of Icarus,Landscape with the Fall of Icarus,0,2016,\N,26,"Animation,Short"
19,1095,movie,Joe Finds Grace,Joe Finds Grace,0,2017,\N,83,"Adventure,Animation,Comedy"
20,1096,movie,Nema aviona za Zagreb,Nema aviona za Zagreb,0,2012,\N,82,Biography
21,1097,movie,Pv°l Adrienn,Pv°l Adrienn,0,2010,\N,136,Drama
22,1098,movie,So Much for Justice!,Oda az igazsv°g,0,2010,\N,100,History
23,1099,movie,Cooper and Hemingway: The True Gen,Cooper and Hemingway: The True Gen,0,2013,\N,180,Documentary
24,1100,movie,Children of the Green Dragon,A zv?ld sv°rkv°ny gyermekei,0,2010,\N,89,Drama
25,1101,short,Le sacre d'automne,Le sacre d'automne,0,2014,\N,27,"Drama,Short"
26,1102,tvSeries,Edinburgh Nights,Edinburgh Nights,0,2014,\N,29,\N
27,1103,movie,T.G.M. - osvoboditel,T.G.M. - osvoboditel,0,2018,\N,60,Documentary
28,1104,movie,The Tragedy of Man,Az ember tragv©div°ja,0,2011,\N,160,"Animation,Drama,History"
29,1105,movie,How Huang Fei-hong Rescued the Orphan from the Tiger's Den,How Huang Fei-hong Rescued the Orphan from the Tiger's Den,0,2011,\N,\N,\N
30,1106,movie,Bande de cons!,Bande de cons!,0,2018,\N,82,Drama
31,1107,tvSeries,First Take,First Take,0,2017,\N,\N,\N
32,1108,video,Flexing with Monty,Flexing with Monty,0,2010,\N,90,"Comedy,Drama,Horror"
33,1109,movie,Summer of the Moonlight Sonata,Gekko no natsu,0,2015,\N,\N,\N
34,1110,movie,Os Monstros de Babaloo,Os Monstros de Babaloo,0,2016,\N,100,Comedy
35,1111,short,To Parsifal,To Parsifal,0,2017,\N,16,Short
36,1112,tvSeries,Counterpoint,Counterpoint,0,2012,\N,\N,\N
37,1113,short,Nadja in Paris,Nadja v† Paris,0,2010,\N,13,Short
38,1114,short,Veronica and Her Dunce,Vv©ronique et son cancre,0,2010,\N,18,"Comedy,Short"
39,1115,movie,The Final Journey,The Final Journey,0,2010,\N,120,Drama
40,1116,movie,Los pv°jaros se van con la muerte,Los pv°jaros se van con la muerte,0,2011,\N,110,"Drama,Mystery"
41,1117,movie,Foodfight!,Foodfight!,0,2012,\N,91,"Action,Animation,Comedy"
42,1118,movie,Return to Babylon,Return to Babylon,0,2013,\N,75,"Biography,Comedy,Drama"
43,1119,movie,In Memoriam Alfons Vranckx,Le Saigneur est avec nous,0,2018,\N,90,"Action,Adventure,Comedy"
44,1120,short,Reading Between the Lines,Reading Between the Lines,0,2017,\N,36,"Documentary,Drama,Short"
45,1121,tvSeries,TV2 hjelper deg,TV2 hjelper deg,0,2018,\N,25,\N
46,1122,tvSeries,The Di Palma Forum at UNLV,The Di Palma Forum at UNLV,0,2012,\N,\N,\N
47,1123,video,Ha-Kosem Me'eretz Utz Hamachzemer,Ha-Kosem Me'eretz Utz Hamachzemer,0,2015,\N,58,"Family,Musical"
48,1124,movie,To Chase a Million,To Chase a Million,0,2018,\N,97,"Action,Drama"
49,1125,movie,Short Time Heroes,Kurzzeithelden,0,2015,\N,45,Sci-Fi
50,1126,movie,Life's a Beach,Life's a Beach,0,2012,\N,100,Comedy
51,1127,movie,Dark Blood,Dark Blood,0,2012,\N,86,Thriller
52,1128,movie,Neeyum Naanum,Neeyum Naanum,0,2018,\N,136,\N
53,1129,movie,Snowblind,Snowblind,0,2015,\N,\N,"Crime,Drama"
54,1130,short,Edie: Girl on Fire,Edie: Girl on Fire,0,2010,\N,28,Short
55,1131,tvSeries,Escape with ET,Escape with ET,0,2012,\N,\N,Family
56,1132,tvSeries,James Robison,James Robison,0,2010,\N,30,\N
57,1133,tvSeries,Sta ftera tou erota,Sta ftera tou erota,0,2018,\N,\N,Drama
58,1134,movie,Second Coming,Second Coming,0,2012,\N,95,\N
59,1135,short,Paradjanov: The Color of Armenian Land,Tsvet armyanskoy zemli,0,2012,\N,16,"Documentary,Short"
60,1136,movie,Lives No Longer Ours,Lives No Longer Ours,0,2011,\N,90,"Drama,Romance"
61,1137,movie,Quantum Quest: A Cassini Space Odyssey,Quantum Quest: A Cassini Space Odyssey,0,2010,\N,45,"Adventure,Animation,Sci-Fi"
62,1138,video,Puppetry of the Penis: Live at the Forum,Puppetry of the Penis: Live at the Forum,0,2012,\N,52,Comedy
63,1139,movie,Wazir,Wazir,0,2016,\N,103,"Action,Crime,Drama"
64,1140,movie,The Wicker Tree,The Wicker Tree,0,2011,\N,96,"Drama,Horror"
65,1141,movie,The Overnight,The Overnight,0,2010,\N,88,\N
66,1142,movie,In My Sleep,In My Sleep,0,2010,\N,104,"Drama,Mystery,Thriller"
67,1143,movie,Rice Girl,Rice Girl,0,2014,\N,95,"Adventure,Comedy,Romance"
68,1144,movie,Regret Not Speaking,Regret Not Speaking,0,2011,\N,\N,\N
69,1145,movie,"Tiden v§r en drv?m, del 2","Tiden v§r en drv?m, del 2",0,2014,\N,109,\N
70,1146,movie,This Wretched Life,This Wretched Life,0,2010,\N,99,"Comedy,Drama"
71,1147,movie,Bunyan and Babe,Bunyan and Babe,0,2017,\N,84,"Adventure,Animation,Comedy"
72,1148,movie,On the Road,On the Road,0,2012,\N,124,"Adventure,Drama,Romance"
73,1149,movie,Blind Sided,Blind Sided,0,2010,\N,\N,"Comedy,Crime,Drama"
74,1150,movie,Chatv¥ - The King of Brazil,Chatv¥: O Rei do Brasil,0,2015,\N,102,Biography
75,1151,movie,The Evil Within,The Evil Within,0,2017,\N,98,Horror
76,1152,tvMovie,The Patchwork Girl of Oz,The Patchwork Girl of Oz,0,2018,\N,\N,"Adventure,Animation,Family"
77,1153,movie,Transev?ntes,Transev?ntes,0,2015,\N,101,"Comedy,Drama"
78,1154,movie,The Secret Life of Walter Mitty,The Secret Life of Walter Mitty,0,2013,\N,114,"Adventure,Comedy,Drama"
79,1155,movie,Fahrenheit 451,Fahrenheit 451,0,2018,\N,100,"Drama,Sci-Fi,Thriller"
80,1156,videoGame,Duke Nukem Forever,Duke Nukem Forever,0,2011,\N,\N,"Action,Adventure,Comedy"
81,1157,movie,Aman Ke Farishtey,Aman Ke Farishtey,0,2016,\N,137,Action
82,1158,movie,Nappily Ever After,Nappily Ever After,0,2018,\N,\N,"Comedy,Drama,Romance"
83,1159,movie,A Walk Among the Tombstones,A Walk Among the Tombstones,0,2014,\N,114,"Crime,Drama,Mystery"
84,1160,movie,Boy with a Movie Camera,Boy with a Movie Camera,0,2017,\N,\N,Documentary
85,1161,movie,The Promise of Perfume,The Promise of Perfume,0,2017,\N,57,Documentary
86,1162,movie,Jurassic World,Jurassic World,0,2015,\N,124,"Action,Adventure,Sci-Fi"
87,1163,short,Death of a Nation,Death of a Nation,0,2010,\N,26,"Drama,Music,Short"
88,1164,movie,Spy,Spy,0,2011,\N,110,"Action,Crime,Drama"
89,1165,tvMiniSeries,The Pacific,The Pacific,0,2010,2010,530,"Action,Adventure,Drama"
90,1166,movie,The Rum Diary,The Rum Diary,0,2011,\N,119,"Comedy,Drama"
91,1167,movie,American Pastoral,American Pastoral,0,2016,\N,108,"Crime,Drama"
92,1168,movie,Gnomeo & Juliet,Gnomeo & Juliet,0,2011,\N,84,"Adventure,Animation,Comedy"
93,1169,movie,The Payback Man,The Payback Man,0,2010,\N,\N,"Crime,Drama,Thriller"
94,1170,short,Turning It Over,Turning It Over,0,2010,\N,\N,"Drama,Short"
95,1171,movie,Cloud Cuckoo Land,Cloud Cuckoo Land,0,2012,\N,92,Drama
96,1172,movie,The Three Stooges,The Three Stooges,0,2012,\N,92,"Comedy,Family"
97,1173,tvMiniSeries,The Crimson Petal and the White,The Crimson Petal and the White,0,2011,\N,274,"Drama,Romance"
98,1174,movie,Motherless Brooklyn,Motherless Brooklyn,0,2019,\N,\N,"Crime,Drama"
99,1175,video,Young Alexander the Great,Young Alexander the Great,0,2010,\N,90,"Action,Adventure,Mystery"
100,1176,movie,Anderson's Cross,Anderson's Cross,0,2010,\N,98,"Comedy,Drama,Romance"
101,1177,tvEpisode,Helicopters,Helicopters,0,2010,\N,44,"Documentary,History"
102,1178,movie,Den milde smerte,Den milde smerte,0,2010,\N,280,Drama
103,1179,tvSeries,Local 2 News,News2Houston,0,2013,\N,\N,News
104,1180,movie,Tangled,Tangled,0,2010,\N,100,"Adventure,Animation,Comedy"
105,1181,tvSeries,Wish ko lang,Wish ko lang,0,2015,\N,\N,Documentary
106,1182,movie,The Connecticut Kid,The Connecticut Kid,0,2011,\N,87,Adventure
107,1183,movie,John Carter,John Carter,0,2012,\N,132,"Action,Adventure,Sci-Fi"
108,1184,movie,Capture the Flag,Capture the Flag,0,2010,\N,\N,Drama
109,1185,movie,Burnt by the Sun 2,Utomlennye solntsem 2,0,2010,\N,181,"Drama,War"
110,1186,movie,Action Jackson,Action Jackson,0,2014,\N,144,Action
111,1187,movie,Gambit,Gambit,0,2012,\N,89,"Comedy,Crime"
112,1188,movie,Bubbles,Bubbles,0,2011,\N,80,Drama
113,1189,video,11:11,11:11,0,2011,\N,\N,"Crime,Drama"
114,1190,movie,Seven Fallen Objects,Seven Fallen Objects,0,2011,\N,90,"Comedy,Drama"
115,1191,movie,In Secret,In Secret,0,2013,\N,107,"Crime,Drama,Thriller"
116,1192,movie,Cowboys & Aliens,Cowboys & Aliens,0,2011,\N,119,"Action,Sci-Fi,Thriller"
117,1193,tvEpisode,Movie Theatre Tech,Movie Theatre Tech,0,2011,\N,\N,"Documentary,History"
118,1194,movie,Tekken,Tekken,0,2010,\N,87,"Action,Crime,Drama"
119,1195,movie,Asleep in the Sun,Dormir al sol,0,2010,\N,83,Fantasy
120,1196,movie,Hempsters: Plant the Seed,Hempsters: Plant the Seed,0,2010,\N,90,Documentary
121,1197,video,Destination Fame,Destination Fame,0,2012,\N,\N,"Drama,Musical"
122,1198,movie,Disconnect,Disconnect,0,2010,\N,112,"Drama,Mystery,Sci-Fi"
123,1199,movie,The Stanford Prison Experiment,The Stanford Prison Experiment,0,2015,\N,122,"Biography,Drama,History"
124,1200,short,Nonkina tosan Yamazaki kaido,Nonkina tosan Yamazaki kaido,0,2016,\N,\N,"Animation,Comedy,Short"
125,1201,tvMovie,Hemingway & Gellhorn,Hemingway & Gellhorn,0,2012,\N,155,"Biography,Drama,Romance"
126,1202,movie,Venus & Vegas,Venus & Vegas,0,2010,\N,95,"Action,Comedy,Crime"
127,1203,movie,The Ninth Cloud,The Ninth Cloud,0,2014,\N,93,Drama
128,1204,movie,El borde del tiempo,El borde del tiempo,0,2011,\N,100,Drama
129,1205,movie,Beisbol,Beisbol,0,2010,\N,\N,Documentary
130,1206,movie,Pots and Pans,Acorralados,0,2012,\N,\N,Drama
131,1207,movie,Dinner for Schmucks,Dinner for Schmucks,0,2010,\N,114,Comedy
132,1208,movie,Masters of the Universe,Masters of the Universe,0,2019,\N,\N,"Action,Adventure,Drama"
133,1209,movie,The A-Team,The A-Team,0,2010,\N,117,"Action,Adventure,Comedy"
134,1210,movie,The Rescuer,The Rescuer,0,2011,\N,84,Documentary
135,1211,movie,The Possession,The Possession,0,2012,\N,92,"Horror,Thriller"
136,1212,short,In absentia,In absentia,0,2013,\N,41,"Drama,Romance,Short"
137,1213,movie,The Queen of Sheba Meets the Atom Man,The Queen of Sheba Meets the Atom Man,0,2018,\N,110,Comedy
138,1214,video,Monster Mountain,Monster Mountain,0,2012,\N,91,"Horror,Sci-Fi"
139,1215,movie,Real Steel,Real Steel,0,2011,\N,127,"Action,Drama,Family"
140,1216,movie,Satin,Satin,0,2011,\N,84,"Comedy,Drama,Music"
141,1217,movie,Caleuche: El llamado del Mar,Caleuche: El llamado del Mar,0,2012,\N,100,"Drama,Fantasy,Horror"
142,1218,movie,L'apocalisse delle scimmie,L'apocalisse delle scimmie,0,2012,\N,\N,Drama
143,1219,movie,The Giver,The Giver,0,2014,\N,97,"Drama,Romance,Sci-Fi"
144,1220,movie,Toy Story 3,Toy Story 3,0,2010,\N,103,"Adventure,Animation,Comedy"
145,1221,movie,Project x27,The Devil Inside,0,2010,\N,\N,"Horror,Thriller"
146,1222,movie,Alita: Battle Angel,Alita: Battle Angel,0,2018,\N,\N,"Action,Adventure,Romance"
147,1223,movie,"Cargo, les hommes perdus.","Cargo, les hommes perdus.",0,2010,\N,93,"Adventure,Romance"
148,1224,movie,Untitled The Flash Film,Untitled The Flash Film,0,2020,\N,\N,"Action,Adventure,Fantasy"
149,1225,movie,Moving Target,Moving Target,0,2011,\N,\N,"Drama,Thriller"
150,1226,movie,Seguranvßa Nacional,Seguranvßa Nacional,0,2010,\N,86,Action
151,1227,movie,Stolen Memories,Stolen Memories,0,2012,\N,\N,Documentary
152,1228,movie,My Nappy Roots: A Journey Through Black Hair-itage,My Nappy Roots: A Journey Through Black Hair-itage,0,2010,\N,90,Documentary
153,1229,movie,Danger Close,Danger Close,0,2019,\N,\N,"Action,Drama,War"
154,1230,movie,Lincoln,Lincoln,0,2012,\N,150,"Biography,Drama,History"
155,1231,movie,Milenge Milenge,Milenge Milenge,0,2010,\N,109,"Drama,Romance"
156,1232,movie,Before We Go,Before We Go,0,2014,\N,95,"Comedy,Drama,Romance"
157,1233,movie,The History of Love,The History of Love,0,2016,\N,134,"Drama,Romance,War"
158,1234,movie,Vidas pequev±as,Vidas pequev±as,0,2010,\N,115,Drama
159,1235,movie,7 Days,Les 7 jours du talion,0,2010,\N,105,"Crime,Drama,Horror"
160,1236,movie,Scott Pilgrim vs. the World,Scott Pilgrim vs. the World,0,2010,\N,112,"Action,Comedy,Romance"
161,1237,tvMovie,The Corrections,The Corrections,0,2012,\N,\N,Drama
162,1238,movie,Dream Street,Dream Street,0,2010,\N,\N,Drama
163,1239,movie,Surviving in L.A.,Surviving in L.A.,0,2018,\N,\N,"Comedy,Drama,Romance"
164,1240,movie,A Bird of the Air,A Bird of the Air,0,2011,\N,108,"Drama,Romance"
165,1241,movie,Shazam!,Shazam!,0,2019,\N,\N,"Action,Fantasy,Sci-Fi"
166,1242,tvSeries,Tanging yaman,Tanging yaman,0,2010,\N,\N,Drama
167,1243,movie,Puss in Boots,Puss in Boots,0,2011,\N,90,"Action,Adventure,Animation"
168,1244,movie,Diary of a Bad Lad,Diary of a Bad Lad,0,2010,\N,92,"Comedy,Crime"
169,1245,movie,Mad World,Mad World,0,2010,\N,98,Drama
170,1246,movie,The Passing,The Passing,0,2011,\N,92,Horror
171,1247,movie,Clawed,Sludge,0,2017,\N,95,Horror
172,1248,movie,Wonder Woman,Wonder Woman,0,2017,\N,141,"Action,Adventure,Fantasy"
173,1249,movie,Blunt Movie,Blunt Movie,0,2013,\N,83,"Comedy,Romance"
174,1250,movie,Party Crashers,Os Penetras,0,2012,\N,88,Comedy
175,1251,movie,42,42,0,2013,\N,128,"Biography,Drama,Sport"
176,1252,movie,El hada buena - Una fv°bula peronista,El hada buena - Una fv°bula peronista,0,2010,\N,85,"Comedy,Drama,Sci-Fi"
177,1253,movie,Life of Pi,Life of Pi,0,2012,\N,127,"Adventure,Drama,Fantasy"
178,1254,movie,Being Flynn,Being Flynn,0,2012,\N,102,Drama
179,1255,movie,The Crazies,The Crazies,0,2010,\N,101,"Horror,Thriller"
180,1256,movie,The Equalizer,The Equalizer,0,2014,\N,132,"Action,Crime,Thriller"
181,1257,movie,Memorias del desarrollo,Memorias del desarrollo,0,2010,\N,113,Drama
182,1258,movie,Captain America: The First Avenger,Captain America: The First Avenger,0,2011,\N,124,"Action,Adventure,Sci-Fi"
183,1259,movie,A Long Way Down,A Long Way Down,0,2014,\N,96,"Comedy,Drama"
184,1260,movie,Sin City: A Dame to Kill For,Sin City: A Dame to Kill For,0,2014,\N,102,"Crime,Thriller"
185,1261,movie,Generation P,Generation P,0,2011,\N,112,"Comedy,Drama,Sci-Fi"
186,1262,video,One Step Beyond,One Step Beyond,0,2012,\N,56,Documentary
187,1263,movie,Drunkboat,Drunkboat,0,2010,\N,98,Drama
188,1264,movie,The Grasslands,The Grasslands,0,2011,\N,114,Drama
189,1265,movie,The Only Living Boy in New York,The Only Living Boy in New York,0,2017,\N,89,Drama
190,1266,movie,Texxas Jam '78,Texxas Jam '78,0,2012,\N,60,Documentary
191,1267,short,Career Day,Career Day,0,2016,\N,8,"Comedy,Family,Short"
192,1268,movie,Saving Private Perez,Salvando al Soldado Pv©rez,0,2011,\N,105,"Adventure,Comedy,Western"
193,1269,movie,Steve Phoenix: The Untold Story,Steve Phoenix: The Untold Story,0,2012,\N,110,Drama
194,1270,movie,High-Rise,High-Rise,0,2015,\N,119,Drama
195,1271,movie,Satan Hates You,Satan Hates You,0,2010,\N,94,Horror
196,1272,movie,Silent Alarm,Silent Alarm,0,2011,\N,82,"Comedy,Drama,Thriller"
197,1273,movie,Federal,Federal,0,2010,\N,\N,"Drama,Thriller"
198,1274,movie,The Devil You Know,The Devil You Know,0,2013,\N,76,"Mystery,Thriller"
199,1275,movie,"Guns, Drugs and Dirty Money","Guns, Drugs and Dirty Money",0,2010,\N,123,"Action,Comedy,Crime"
200,1276,movie,House at the End of the Drive,House at the End of the Drive,0,2014,\N,91,"Horror,Thriller"
201,1277,movie,Piranha 3D,Piranha 3D,0,2010,\N,88,"Comedy,Horror,Thriller"
202,1278,movie,Komaram Puli,Komaram Puli,0,2010,\N,163,"Action,Crime,Thriller"
203,1279,movie,Act Your Age,Act Your Age,0,2011,\N,101,"Comedy,Drama"
204,1280,movie,Taken by Force,Taken by Force,0,2010,\N,90,Action
205,1281,video,Within: Terror Resides...,Within: Terror Resides...,0,2011,\N,85,"Horror,Thriller"
206,1282,movie,Sensual,Sensual,0,2010,\N,99,Drama
207,1283,movie,Golapi Ekhon Bilatey,Golapi Ekhon Bilatey,0,2010,\N,\N,Musical
208,1284,videoGame,Alan Wake,Alan Wake,0,2010,\N,\N,"Action,Drama,Horror"
209,1285,movie,Margaret,Margaret,0,2011,\N,150,Drama
210,1286,movie,Alan Partridge,Alan Partridge: Alpha Papa,0,2013,\N,90,"Action,Comedy,Crime"
211,1287,movie,Harlem Hostel,Harlem Hostel,0,2010,\N,81,"Comedy,Drama"
212,1288,movie,Smoking/Non-Smoking,The Pack,0,2011,\N,84,Drama
213,1289,movie,Platinum Illusions,Platinum Illusions,0,2011,\N,\N,"Action,Drama"
214,1290,movie,Ex Machina,Ex Machina,0,2014,\N,108,"Drama,Mystery,Sci-Fi"
215,1291,movie,"Hot Country, Cold Winter","Tak erkir, tsurt dzmer",0,2016,\N,104,Drama
216,1292,movie,Tower Heist,Tower Heist,0,2011,\N,104,"Action,Comedy,Crime"
217,1293,movie,The Smurfs,The Smurfs,0,2011,\N,103,"Adventure,Animation,Comedy"
218,1294,movie,The Mechanic,The Mechanic,0,2011,\N,93,"Action,Crime,Thriller"
219,1295,short,Historietas Assombradas (para Crianvßas Malcriadas),Historietas Assombradas (para Crianvßas Malcriadas),0,2013,\N,16,"Animation,Short"
220,1296,movie,Escape from Heaven,Escape from Heaven,0,2018,\N,\N,"Comedy,Fantasy"
221,1297,movie,Prince of Persia: The Sands of Time,Prince of Persia: The Sands of Time,0,2010,\N,116,"Action,Adventure,Fantasy"
222,1298,movie,Stan,Stan,0,2011,\N,\N,Comedy
223,1299,movie,Bamboo Shark,Bamboo Shark,0,2011,\N,\N,Comedy
224,1300,movie,Cielito lindo,Cielito lindo,0,2010,\N,91,"Drama,Thriller"
225,1301,movie,Clutch,Clutch,0,2012,\N,\N,"Action,Drama"
226,1302,movie,"Hail, Caesar!","Hail, Caesar!",0,2016,\N,106,"Comedy,Mystery"
227,1303,movie,Persona Au Gratin,Persona Au Gratin,0,2012,\N,93,Comedy
228,1304,tvSeries,Westworld,Westworld,0,2016,\N,62,"Drama,Mystery,Sci-Fi"
229,1305,movie,The Deafening Silence of a Very Bright Light,The Deafening Silence of a Very Bright Light,0,2010,\N,92,Drama
230,1306,movie,Stiffs,Stiffs,0,2010,\N,104,Comedy
231,1307,movie,Unstoppable,Unstoppable,0,2010,\N,98,"Action,Thriller"
232,1308,movie,Sid Bernstein Presents...,Sid Bernstein Presents...,0,2010,\N,100,Documentary
233,1309,movie,Extremely Loud & Incredibly Close,Extremely Loud & Incredibly Close,0,2011,\N,129,"Adventure,Drama,Mystery"
234,1310,movie,The Tree of Life,The Tree of Life,0,2011,\N,139,"Drama,Fantasy"
235,1311,movie,El horror de la dama del lago,El horror de la dama del lago,0,2010,\N,90,"Fantasy,Horror,Thriller"
236,1312,movie,Ant-Man,Ant-Man,0,2015,\N,117,"Action,Adventure,Comedy"
237,1313,movie,The Greater Meaning of Water,The Greater Meaning of Water,0,2010,\N,60,"Drama,Sport"
238,1314,movie,Perfect Life,Perfect Life,0,2010,\N,98,"Horror,Thriller"
239,1315,movie,Abhishapt,Abhishapt,0,2011,\N,\N,Drama
240,1316,movie,Season of the Witch,Season of the Witch,0,2011,\N,95,"Action,Adventure,Fantasy"
241,1317,movie,Atlas Shrugged: Part I,Atlas Shrugged: Part I,0,2011,\N,97,"Drama,Mystery,Sci-Fi"
242,1318,movie,The Losers,The Losers,0,2010,\N,97,"Action,Adventure,Crime"
243,1319,movie,Hall Pass,Hall Pass,0,2011,\N,105,"Comedy,Romance"
244,1320,movie,Felix Austria!,Felix Austria!,0,2013,\N,77,"Biography,Documentary,History"
245,1321,movie,The Croods,The Croods,0,2013,\N,98,"Action,Adventure,Animation"
246,1322,movie,Bandage,Bandeiji,0,2010,\N,119,"Drama,Music,Romance"
247,1323,movie,Barry Munday,Barry Munday,0,2010,\N,95,"Comedy,Drama,Romance"
248,1324,movie,Chasing 3000,Chasing 3000,0,2010,\N,115,"Family,Sport"
249,1325,movie,Monkey Man,Monkey Man,0,2011,\N,\N,Comedy
250,1326,movie,A Woman Is a Woman,A Woman Is a Woman,0,2010,\N,102,"Comedy,Drama"
251,1327,movie,Gente mala del norte,Gente mala del norte,0,2011,\N,97,"Drama,History"
252,1328,movie,La daga de Rasputv?n,La daga de Rasputv?n,0,2011,\N,99,"Adventure,Comedy"
253,1329,movie,U Want Me 2 Kill Him?,uwantme2killhim?,0,2013,\N,92,"Drama,Thriller"
254,1330,movie,Sushi in Suhl,Sushi in Suhl,0,2012,\N,100,"Comedy,Drama"
255,1331,movie,Red Tails,Red Tails,0,2012,\N,125,"Action,Adventure,Drama"
256,1332,movie,Making Change,Making Change,0,2012,\N,94,Drama
257,1333,tvSeries,NFL Primetime,NFL Primetime,0,2012,\N,60,"News,Sport,Talk-Show"
258,1334,tvSeries,Carnival Row,Carnival Row,0,2019,\N,\N,"Fantasy,Horror,Mystery"
259,1335,movie,Aftermath,Aftermath,0,2013,\N,84,"Crime,Thriller"
260,1336,movie,PrimeMates,PrimeMates,0,2010,\N,82,"Comedy,Drama"
261,1337,movie,Silence,Silence,0,2016,\N,161,"Adventure,Drama,History"
262,1338,movie,The Invited,The Invited,0,2010,\N,95,"Horror,Thriller"
263,1339,movie,Double Tap,Double Tap,0,2011,\N,100,"Action,Crime,Drama"
264,1340,movie,Something Borrowed,Something Borrowed,0,2011,\N,112,"Comedy,Drama,Romance"
265,1341,movie,Suburbicon,Suburbicon,0,2017,\N,105,"Crime,Drama,Mystery"
266,1342,movie,Tulip Fever,Tulip Fever,0,2017,\N,105,"Drama,History,Romance"
267,1343,movie,Furry Vengeance,Furry Vengeance,0,2010,\N,92,"Comedy,Family"
268,1344,movie,Nina,Nina,0,2016,\N,90,"Biography,Drama,Music"
269,1345,tvMovie,"The I Do Diaries: Beg, Borrow & Steal","The I Do Diaries: Beg, Borrow & Steal",0,2010,\N,60,Reality-TV
270,1346,movie,CHIPS,CHIPS,0,2017,\N,100,"Action,Comedy,Crime"
271,1347,movie,Ramona and Beezus,Ramona and Beezus,0,2010,\N,103,"Adventure,Comedy,Family"
272,1348,movie,Good Sharma,Good Sharma,0,2010,\N,100,Drama
273,1349,movie,Bad Blood,Bad Blood,0,2012,\N,107,"Horror,Mystery,Romance"
274,1350,movie,O Inimigo Sem Rosto,O Inimigo Sem Rosto,0,2010,\N,85,"Crime,Drama"
275,1351,movie,Prisoners of the Sun,Prisoners of the Sun,0,2013,\N,85,"Action,Adventure,Horror"
276,1352,videoGame,Darkstar: The Interactive Movie,Darkstar: The Interactive Movie,0,2010,\N,\N,"Action,Adventure,Mystery"
277,1353,tvSeries,Comentv°rio Geral,Comentv°rio Geral,0,2010,\N,\N,News
278,1354,movie,The Hero of Color City,The Hero of Color City,0,2014,\N,77,"Animation,Family"
279,1355,movie,Rings,Rings,0,2017,\N,102,"Drama,Horror,Romance"
280,1356,tvSeries,The Nine Lives of Chloe King,The Nine Lives of Chloe King,0,2011,2011,60,"Action,Adventure,Crime"
281,1357,movie,Tranced,Tranced,0,2010,\N,\N,"Drama,Fantasy,Romance"
282,1358,tvEpisode,Episode dated 28 November 2010,Episode dated 28 November 2010,0,2010,\N,\N,"Drama,Romance"
283,1359,tvEpisode,Sex and Violence,Sex and Violence,0,2016,\N,\N,"Drama,Sci-Fi"
284,1360,tvEpisode,Xv¥ Perereca,Xv¥ Perereca,0,2010,\N,32,Comedy
285,1361,tvEpisode,Death Climb,Death Climb,0,2011,\N,42,"Biography,Documentary,Drama"
286,1362,tvEpisode,The Ego Show,The Ego Show,0,2014,\N,\N,"Comedy,Drama"
287,1363,tvEpisode,Episode #1.16,Episode #1.16,0,2012,\N,\N,"Comedy,News,Talk-Show"
288,1364,movie,Who Is Harry Nilsson (And Why Is Everybody Talkin' About Him?),Who Is Harry Nilsson (And Why Is Everybody Talkin' About Him?),0,2010,\N,116,"Biography,Documentary,Music"
289,1365,movie,Love & Other Drugs,Love & Other Drugs,0,2010,\N,112,"Comedy,Drama,Romance"
290,1366,movie,Syrup,Syrup,0,2013,\N,90,"Comedy,Drama,Romance"
291,1367,movie,A Thousand Words,A Thousand Words,0,2012,\N,91,"Comedy,Drama"
292,1368,movie,Escape from Planet Earth,Escape from Planet Earth,0,2013,\N,89,"Adventure,Animation,Comedy"
293,1369,movie,Have You Seen Me?,Have You Seen Me?,0,2016,\N,\N,Comedy
294,1370,movie,Horrorween,Horrorween,0,2011,\N,\N,"Comedy,Horror"
295,1371,movie,The Legend of Secret Pass,The Legend of Secret Pass,0,2010,\N,92,"Animation,Family,Fantasy"
296,1372,movie,Waste of Space,Waste of Space,0,2010,\N,78,"Adventure,Comedy,Sci-Fi"
297,1373,tvEpisode,Episode #5.45,Episode #5.45,0,2011,\N,\N,Drama
298,1374,movie,Me and My Umbrella,Eu e Meu Guarda-Chuva,0,2010,\N,78,"Family,Fantasy"
299,1375,movie,Night of the Templar,Night of the Templar,0,2013,\N,101,"Horror,Mystery"
300,1376,movie,What's Your Number?,What's Your Number?,0,2011,\N,106,"Comedy,Romance"
301,1377,movie,California Indian,California Indian,0,2011,\N,90,Drama
302,1378,movie,King of the Avenue,King of the Avenue,0,2010,\N,83,"Drama,Fantasy,Thriller"
303,1379,movie,Samsara,Samsara,0,2011,\N,102,"Documentary,Music"
304,1380,movie,Till You Get to Baraboo,Till You Get to Baraboo,0,2011,\N,80,"Comedy,Romance"
305,1381,movie,Man of Steel,Man of Steel,0,2013,\N,143,"Action,Adventure,Fantasy"
306,1382,movie,Jersey Justice,Jersey Justice,0,2014,\N,100,"Action,Thriller"
307,1383,movie,Kill,Kill,0,2011,\N,90,"Comedy,Horror,Thriller"
308,1384,movie,The Chosen Heaven,El cielo elegido,0,2010,\N,123,"Drama,Thriller"
309,1385,movie,Cell,Cell,0,2016,\N,98,"Action,Drama,Horror"
310,1386,movie,The Rain Fairy,Destovv° vv?la,0,2010,\N,100,"Family,Fantasy"
311,1387,movie,The Illusionist,L'illusionniste,0,2010,\N,80,"Animation,Drama"
312,1388,movie,Night Catches Us,Night Catches Us,0,2010,\N,90,"Drama,Romance"
313,1389,movie,Drive,Drive,0,2011,\N,100,"Crime,Drama"
314,1390,tvSeries,The Being Experience: The Prologue,In the Woods,0,2013,\N,100,Mystery
315,1391,movie,Kid Cannabis,Kid Cannabis,0,2014,\N,110,"Biography,Comedy,Crime"
316,1392,movie,Santorini Blue,Santorini Blue,0,2013,\N,90,"Comedy,Drama"
317,1393,movie,War of the Dead,War of the Dead,0,2011,\N,86,"Action,Adventure,Horror"
318,1394,movie,The Wolfman,The Wolfman,0,2010,\N,103,"Drama,Fantasy,Horror"
319,1395,movie,Escalade,Escalade,0,2011,\N,80,Thriller
320,1396,movie,Irreversi,Irreversi,0,2010,\N,\N,Thriller
321,1397,movie,The Last Full Measure,The Last Full Measure,0,2018,\N,\N,"Drama,War"
322,1398,tvEpisode,I Called Him Magoo,I Called Him Magoo,0,2010,\N,22,"Comedy,Romance"
323,1399,movie,The Attack,The Attack,0,2012,\N,102,Drama
324,1400,movie,The Boxtrolls,The Boxtrolls,0,2014,\N,96,"Adventure,Animation,Comedy"
325,1401,movie,The Man Who Knew Infinity,The Man Who Knew Infinity,0,2015,\N,108,"Biography,Drama"
326,1402,movie,The Incredible Burt Wonderstone,The Incredible Burt Wonderstone,0,2013,\N,100,"Adventure,Comedy,Fantasy"
327,1403,movie,Dallas Buyers Club,Dallas Buyers Club,0,2013,\N,117,"Biography,Drama"
328,1404,movie,Elliot Loves,Elliot Loves,0,2012,\N,92,"Comedy,Romance"
329,1405,movie,The First Grader,The First Grader,0,2010,\N,103,"Biography,Drama,Romance"
330,1406,movie,Jack Reacher,Jack Reacher,0,2012,\N,130,"Action,Crime,Mystery"
331,1407,movie,R.I.P.D.,R.I.P.D.,0,2013,\N,96,"Action,Adventure,Comedy"
332,1408,movie,Miles Ahead,Miles Ahead,0,2015,\N,100,"Biography,Drama,Music"
333,1409,movie,The Yellow Wallpaper,The Yellow Wallpaper,0,2012,\N,115,Thriller
334,1410,tvEpisode,Avotar,Avotar,0,2010,\N,\N,Comedy
335,1411,movie,Wilde Salomv©,Wilde Salomv©,0,2011,\N,95,"Documentary,Drama"
336,1412,movie,Scary Movie 5,Scary Movie 5,0,2013,\N,86,Comedy
337,1413,movie,13,13,0,2010,\N,91,"Drama,Thriller"
338,1414,video,Carnies,Carnies,0,2010,\N,82,"Horror,Thriller"
339,1415,tvMovie,For Love of Liberty: The Story of America's Black Patriots,For Love of Liberty: The Story of America's Black Patriots,0,2010,\N,115,Documentary
340,1416,movie,The Guardians,The Guardians,0,2010,\N,88,"Comedy,Family"
341,1417,movie,Ironmen,Ironmen,0,2010,\N,119,"Biography,Drama"
342,1418,tvSeries,The Sports Reporters,The Sports Reporters,0,2016,\N,60,Talk-Show
343,1419,movie,Clash of the Titans,Clash of the Titans,0,2010,\N,106,"Action,Adventure,Fantasy"
344,1420,movie,Nemesis,Nemesis,0,2010,\N,83,Drama
345,1421,movie,Thor,Thor,0,2011,\N,115,"Action,Adventure,Fantasy"
346,1422,movie,Red Dog,Red Dog,0,2011,\N,92,"Biography,Comedy,Drama"
347,1423,movie,Warcraft,Warcraft,0,2016,\N,123,"Action,Adventure,Fantasy"
348,1424,movie,Devil's Knot,Devil's Knot,0,2013,\N,114,"Biography,Crime,Drama"
349,1425,movie,Folk!,Folk!,0,2010,\N,\N,Documentary
350,1426,movie,It's Kind of a Funny Story,It's Kind of a Funny Story,0,2010,\N,101,"Comedy,Drama,Romance"
351,1427,movie,The Mule,La mula,0,2013,\N,100,"Comedy,Drama"
352,1428,movie,Spoon,Spoon,0,2011,\N,\N,"Action,Drama,Fantasy"
353,1429,movie,A Letter to Elia,A Letter to Elia,0,2010,\N,60,Documentary
354,1430,movie,The Last Pogo Jumps Again,The Last Pogo Jumps Again,0,2013,\N,200,"Documentary,Music"
355,1431,movie,Tooth Fairy,Tooth Fairy,0,2010,\N,101,"Comedy,Family,Fantasy"
356,1432,movie,Belle du Seigneur,Belle du Seigneur,0,2012,\N,104,"Drama,Romance"
357,1433,movie,Cross the Line,Cross the Line,0,2010,\N,87,Action
358,1434,movie,The Danish Girl,The Danish Girl,0,2015,\N,119,"Biography,Drama,History"
359,1435,movie,Eyes of the Mothman,Eyes of the Mothman,0,2011,\N,150,Documentary
360,1436,movie,Jack and Jill,Jack and Jill,0,2011,\N,91,Comedy
361,1437,movie,Take Me Home Tonight,Take Me Home Tonight,0,2011,\N,97,"Comedy,Drama,Romance"
362,1438,movie,Plumv?feros - Aventuras voladoras,Plumv?feros - Aventuras voladoras,0,2010,\N,80,"Adventure,Animation,Family"
363,1439,movie,Lavoe,The King Hector Lavoe,0,2011,\N,90,"Drama,Music"
364,1440,movie,The Do-Deca-Pentathlon,The Do-Deca-Pentathlon,0,2012,\N,76,Comedy
365,1441,movie,Meridian Lines,Meridian Lines,0,2013,\N,\N,Drama
366,1442,movie,American Flyer,American Flyer,0,2010,\N,100,Adventure
367,1443,movie,Percy Jackson & the Olympians: The Lightning Thief,Percy Jackson & the Olympians: The Lightning Thief,0,2010,\N,118,"Adventure,Family,Fantasy"
368,1444,movie,Art Officially Favored,Art Officially Favored,0,2019,\N,90,"Biography,Documentary,Fantasy"
369,1445,movie,Ashes,Ashes,0,2010,\N,\N,Drama
370,1446,movie,She's Out of My League,She's Out of My League,0,2010,\N,104,"Comedy,Romance"
371,1447,movie,Card Subject to Change,Card Subject to Change,0,2010,\N,87,Documentary
372,1448,movie,The Book Thief,The Book Thief,0,2013,\N,131,"Drama,War"
373,1449,movie,Conan the Barbarian,Conan the Barbarian,0,2011,\N,113,"Action,Adventure,Fantasy"
374,1450,movie,Shanghai Hotel,Shanghai Hotel,0,2011,\N,110,Drama
375,1451,movie,Interstellar,Interstellar,0,2014,\N,169,"Adventure,Drama,Sci-Fi"
376,1452,movie,World War Z,World War Z,0,2013,\N,116,"Action,Adventure,Horror"
377,1453,movie,Flipped,Flipped,0,2010,\N,90,"Comedy,Drama,Romance"
378,1454,movie,Valentine's Day,Valentine's Day,0,2010,\N,125,"Comedy,Romance"
379,1455,movie,The Power of Few,The Power of Few,0,2013,\N,96,"Action,Crime,Drama"
380,1456,movie,Dreamkiller,Dreamkiller,0,2010,\N,110,Thriller
381,1457,movie,Soupernatural,Soupernatural,0,2010,\N,\N,Drama
382,1458,movie,Manhattan Minutiae,Manhattan Minutiae,0,2016,\N,99,"Comedy,Music,Romance"
383,1459,movie,Priest,Priest,0,2011,\N,87,"Action,Fantasy,Horror"
384,1460,movie,The Long Falling,Ovp va la nuit,0,2011,\N,105,Drama
385,1461,movie,Maximum Ride,Maximum Ride,0,2016,\N,88,"Action,Adventure,Comedy"
386,1462,movie,Caravaggio and My Mother the Pope,Caravaggio and My Mother the Pope,0,2018,\N,90,"Comedy,Drama"
387,1463,movie,Return to Yucca Flats: Desert Man-Beast,Return to Yucca Flats: Desert Man-Beast,0,2010,\N,79,"Comedy,Horror"
388,1464,movie,Magic,Magic,0,2010,\N,\N,"Adventure,Family"
389,1465,movie,Wild in the Streets,Wild in the Streets,0,2012,\N,82,Documentary
390,1466,movie,Dracula Untold,Dracula Untold,0,2014,\N,92,"Action,Drama,Fantasy"
391,1467,movie,Gallowwalkers,Gallowwalkers,0,2012,\N,90,"Action,Horror,Thriller"
392,1468,video,Santeria: The Soul Possessed,Santeria: The Soul Possessed,0,2012,\N,82,Horror
393,1469,movie,Waking Madison,Waking Madison,0,2010,\N,89,Drama
394,1470,movie,Godzilla,Godzilla,0,2014,\N,123,"Action,Adventure,Sci-Fi"
395,1471,movie,Land,Land,0,2010,\N,76,Documentary
396,1472,movie,The Babymakers,The Babymakers,0,2012,\N,95,Comedy
397,1473,movie,Electric Slide,Electric Slide,0,2014,\N,95,"Action,Biography,Crime"
398,1474,movie,Krystal,Krystal,0,2017,\N,90,"Comedy,Drama"
399,1475,movie,Pee-wee's Big Holiday,Pee-wee's Big Holiday,0,2016,\N,90,"Adventure,Comedy,Family"
400,1476,movie,Approaching Midnight,Approaching Midnight,0,2013,\N,86,"Crime,Drama,Romance"
401,1477,movie,Hotel Transylvania,Hotel Transylvania,0,2012,\N,91,"Animation,Comedy,Family"
402,1478,movie,Pet Sematary,Pet Sematary,0,2019,\N,\N,Horror
403,1479,movie,Retreat!,Retreat!,0,2016,\N,\N,"Comedy,Drama,War"
404,1480,movie,Bhopal: A Prayer for Rain,Bhopal: A Prayer for Rain,0,2014,\N,96,Drama
405,1481,short,Eloise,Eloise,0,2014,\N,11,"Drama,Short"
406,1482,movie,Everyday Sunshine: The Story of Fishbone,Everyday Sunshine: The Story of Fishbone,0,2010,\N,107,"Documentary,Music"
407,1483,movie,The Town,The Town,0,2010,\N,125,"Crime,Drama,Thriller"
408,1484,movie,Rv?o de oro,Rv?o de oro,0,2010,\N,\N,Western
409,1485,movie,Whatever Happened to Pete Blaggit?,Whatever Happened to Pete Blaggit?,0,2012,\N,94,"Comedy,Sci-Fi"
410,1486,movie,The Kids Are All Right,The Kids Are All Right,0,2010,\N,106,"Comedy,Drama,Romance"
411,1487,movie,The Fallen Word,The Fallen Word,0,2013,\N,60,"Drama,Fantasy,Mystery"
412,1488,movie,Ivan Mosjoukine ou L'enfant du carnaval,Ivan Mosjoukine ou L'enfant du carnaval,0,2016,\N,67,Documentary
413,1489,movie,Killer by Nature,Killer by Nature,0,2010,\N,94,"Adventure,Crime,Drama"
414,1490,movie,Pox,Pox,0,2011,\N,100,"Comedy,Sci-Fi"
415,1491,movie,Hoodwinked Too! Hood vs. Evil,Hoodwinked Too! Hood vs. Evil,0,2011,\N,86,"Animation,Comedy,Crime"
416,1492,movie,Gangster Exchange,Gangster Exchange,0,2010,\N,95,Action
417,1493,movie,Loot,Loot,0,2011,\N,\N,"Action,Comedy,Crime"
418,1494,movie,Neowolf,Neowolf,0,2010,\N,88,"Horror,Thriller"
419,1495,movie,Night Traveler,Night Traveler,0,2013,\N,\N,Adventure
420,1496,movie,Fun in the Army,Fauj Mein Mauj,0,2010,\N,\N,Comedy
421,1497,movie,The Speed of Thought,The Speed of Thought,0,2011,\N,93,"Sci-Fi,Thriller"
422,1498,movie,The Avengers,The Avengers,0,2012,\N,143,"Action,Adventure,Sci-Fi"
423,1499,movie,Epic,Epic,0,2013,\N,102,"Adventure,Animation,Family"
424,1500,movie,The Sighting,Travis,0,2016,\N,98,"Horror,Sci-Fi,Thriller"
425,1501,movie,Duel of Legends,Duel of Legends,0,2018,\N,\N,"Action,Drama,Sport"
426,1502,video,Change Your Life!,Change Your Life!,0,2010,\N,\N,Comedy
427,1503,movie,Jack & Diane,Jack & Diane,0,2012,\N,110,"Drama,Horror,Romance"
428,1504,movie,Jackson Arms,Jackson Arms,0,2015,\N,90,Romance
429,1505,movie,Risen,Risen,0,2010,\N,121,"Biography,Drama"
430,1506,movie,Sir Billi,Sir Billi,0,2012,\N,76,"Adventure,Animation,Comedy"
431,1507,movie,Folie v† deux,Folie v† deux,0,2012,\N,\N,Drama
432,1508,movie,Bloudv?m,Bloudv?m,0,2010,\N,75,Drama
433,1509,movie,Naked Run,Naked Run,0,2011,\N,84,Comedy
434,1510,movie,A Summer Song,A Summer Song,0,2010,\N,\N,Drama
435,1511,movie,This Is What Love in Action Looks Like,This Is What Love in Action Looks Like,0,2011,\N,74,Documentary
436,1512,movie,Great American Dream,Great American Dream,0,2013,\N,90,"Drama,Sport"
437,1513,movie,Kolorv°dv= Kid,Kolorv°dv= Kid,0,2010,\N,111,"Drama,Romance"
438,1514,movie,The Sweeney,The Sweeney,0,2012,\N,112,"Action,Crime,Drama"
439,1515,movie,2001 Maniacs: Field of Screams,2001 Maniacs: Field of Screams,0,2010,\N,84,"Comedy,Horror"
440,1516,movie,Immortal Island,Immortal Island,0,2011,\N,84,"Adventure,Horror,Thriller"
441,1517,movie,Wide Blue Yonder,Wide Blue Yonder,0,2010,\N,82,"Comedy,Drama"
442,1518,movie,The Golden Greek: The Harry Agganis Story,The Golden Greek: The Harry Agganis Story,0,2010,\N,\N,Documentary
443,1519,movie,Super Troopers 2,Super Troopers 2,0,2018,\N,99,"Comedy,Crime,Mystery"
444,1520,movie,Evangelion: 3.0 You Can (Not) Redo,Evangerion shin gekijv¥ban: Kyu,0,2012,\N,96,"Action,Animation,Drama"
445,1521,movie,Zenitram,Zenitram,0,2010,\N,103,"Action,Adventure,Comedy"
446,1522,movie,Lupin the 3rd,Rupan sansei,0,2014,\N,133,"Action,Adventure,Comedy"
447,1523,movie,Dukun,Dukun,0,2018,\N,108,"Horror,Thriller"
448,1524,movie,Mr. Peabody & Sherman,Mr. Peabody & Sherman,0,2014,\N,92,"Adventure,Animation,Comedy"
449,1525,movie,Letting Go,Letting Go,0,2012,\N,83,"Drama,Romance"
450,1526,movie,6 Month Rule,6 Month Rule,0,2011,\N,100,Comedy
451,1527,movie,Catharsis,Katharsis,0,2011,\N,89,Mystery
452,1528,movie,Jungle Cruise,Jungle Cruise,0,2019,\N,\N,Adventure
453,1529,movie,Touch Wood,Touch Wood,0,2010,\N,\N,Comedy
454,1530,movie,The Nightclub Days,The Nightclub Days,0,2012,\N,\N,Comedy
455,1531,movie,"Surprise, Surprise","Surprise, Surprise",0,2010,\N,83,Drama
456,1532,movie,My Soul to Take,My Soul to Take,0,2010,\N,107,"Horror,Mystery,Thriller"
457,1533,movie,Red State,Red State,0,2011,\N,88,"Action,Crime,Horror"
458,1534,movie,The Dot Man,The Dot Man,0,2017,\N,\N,"Drama,Thriller"
459,1535,movie,Beijing Taxi,Beijing Taxi,0,2010,\N,78,Documentary
460,1536,movie,The Secret Philosophy,The Secret Philosophy,0,2010,\N,90,Thriller
461,1537,movie,Rain Falls from Earth: Surviving Cambodia's Darkest Hour,Rain Falls from Earth: Surviving Cambodia's Darkest Hour,0,2011,\N,\N,Documentary
462,1538,movie,Rift,Rift,0,2011,\N,100,"Horror,Thriller"
463,1539,movie,Bury the Hatchet,Bury the Hatchet,0,2010,\N,120,Documentary
464,1540,movie,Chvªshingura,Chvªshingura,0,2016,\N,76,\N
465,1541,movie,Bulletface,Bulletface,0,2010,\N,82,Thriller
466,1542,movie,First Circle,First Circle,0,2010,\N,72,Documentary
467,1543,movie,Jewtopia,Jewtopia,0,2012,\N,90,"Comedy,Romance"
468,1544,movie,Please Give,Please Give,0,2010,\N,87,"Comedy,Drama"
469,1545,movie,Harm's Way,Harm's Way,0,2010,\N,82,Thriller
470,1546,movie,Torn,Torn,0,2010,\N,\N,Thriller
471,1547,movie,Eat Pray Love,Eat Pray Love,0,2010,\N,133,"Drama,Romance"
472,1548,movie,Mama I Want to Sing,Mama I Want to Sing,0,2011,\N,100,Musical
473,1549,movie,Sanctum,Sanctum,0,2011,\N,108,"Adventure,Drama,Thriller"
474,1550,movie,AIR: The Musical,AIR: The Musical,0,2010,\N,100,"Comedy,Musical,Romance"
475,1551,movie,Snitch,Snitch,0,2013,\N,112,"Action,Drama,Thriller"
476,1552,tvMovie,Mr. Hockey: The Gordie Howe Story,Mr. Hockey: The Gordie Howe Story,0,2013,\N,87,"Biography,Drama,Sport"
477,1553,movie,Wreckage,Wreckage,0,2010,\N,87,"Horror,Thriller"
478,1554,movie,Drain Baby,Drain Baby,0,2011,\N,\N,Horror
479,1555,movie,Legends of Oz: Dorothy's Return,Legends of Oz: Dorothy's Return,0,2013,\N,88,"Adventure,Animation,Family"
480,1556,movie,The Wedding Ringer,The Wedding Ringer,0,2015,\N,101,Comedy
481,1557,tvMovie,Medium Raw: Night of the Wolf,Medium Raw: Night of the Wolf,0,2010,\N,100,"Fantasy,Thriller"
482,1558,movie,Hyenas,Hyenas,0,2011,\N,92,Horror
483,1559,movie,Repo,Repo,0,2010,\N,97,"Comedy,Drama"
484,1560,movie,Rollerboy,Rollerboy,0,2013,\N,81,Documentary
485,1561,movie,Honor,Kavod,0,2010,\N,118,"Crime,Drama,Thriller"
486,1562,movie,The Switch,The Switch,0,2010,\N,101,"Comedy,Drama,Romance"
487,1563,movie,RxCannabis: A Freedom Tale,RxCannabis: A Freedom Tale,0,2018,\N,83,Documentary
488,1564,movie,Hamlet A.D.D.,Hamlet A.D.D.,0,2014,\N,95,"Animation,Comedy,Fantasy"
489,1565,movie,Gun of the Black Sun,Gun of the Black Sun,0,2011,\N,90,Fantasy
490,1566,movie,Letters to Juliet,Letters to Juliet,0,2010,\N,105,"Adventure,Comedy,Drama"
491,1567,movie,How to Train Your Dragon,How to Train Your Dragon,0,2010,\N,98,"Action,Adventure,Animation"
492,1568,movie,Shrek Forever After,Shrek Forever After,0,2010,\N,93,"Adventure,Animation,Comedy"
493,1569,movie,Blur,Blur,0,2011,\N,90,"Drama,Mystery,Thriller"
494,1570,movie,From Prada to Nada,From Prada to Nada,0,2011,\N,107,"Comedy,Drama,Romance"
495,1571,movie,The Whistleblower,The Whistleblower,0,2010,\N,112,"Action,Biography,Crime"
496,1572,video,Between the Sand and the Sky,Between the Sand and the Sky,0,2014,\N,4,"Adventure,Romance,Western"
497,1573,movie,Don't Fade Away,Don't Fade Away,0,2010,\N,89,Drama
498,1574,movie,The Key Man,The Key Man,0,2011,\N,80,"Crime,Drama,Thriller"
499,1575,movie,Suite Franvßaise,Suite Franvßaise,0,2014,\N,107,"Drama,Romance,War"
500,1576,movie,Psych:9,Psych:9,0,2010,\N,98,"Horror,Mystery,Thriller"
501,1577,movie,Acts of Violence,Acts of Violence,0,2010,\N,\N,"Crime,Drama,Thriller"
502,1578,video,Butchered,Butchered,0,2010,\N,71,Horror
503,1579,video,Silent Vengeance,Silent Vengeance,0,2011,\N,90,Horror
504,1580,video,Privileged,Privileged,0,2010,\N,\N,Drama
505,1581,short,Red Princess Blues,Red Princess Blues,0,2010,\N,11,"Action,Short,Thriller"
506,1582,movie,Westbrick Murders,Westbrick Murders,0,2010,\N,90,"Action,Crime,Thriller"
507,1583,movie,The Hobbit: An Unexpected Journey,The Hobbit: An Unexpected Journey,0,2012,\N,169,"Adventure,Family,Fantasy"
508,1584,movie,Love & Mercy,Love & Mercy,0,2014,\N,121,"Biography,Drama,Music"
509,1585,video,Blood: A Butcher's Tale,Blood: A Butcher's Tale,0,2010,\N,\N,Horror
510,1586,movie,The Thing,The Thing,0,2011,\N,103,"Horror,Mystery,Sci-Fi"
511,1587,movie,The Grind,The Grind,0,2012,\N,85,"Crime,Thriller"
512,1588,movie,The Unlikely's,The Unlikely's,0,2016,\N,\N,Comedy
513,1589,tvEpisode,"The $10,000 Gift","The $10,000 Gift",0,2010,\N,\N,Romance
514,1590,movie,Black Butterflies,Black Butterflies,0,2011,\N,100,"Biography,Drama"
515,1591,movie,Prey,Proie,0,2010,\N,90,"Adventure,Drama,Horror"
516,1592,video,N.Y.C. Underground,N.Y.C. Underground,0,2013,\N,87,"Action,Thriller"
517,1593,movie,Eager to Die,Eager to Die,0,2010,\N,109,"Drama,Thriller"
518,1594,movie,Exposed,Exposed,0,2012,\N,82,"Drama,Mystery,Thriller"
519,1595,movie,A Merry Friggin' Christmas,A Merry Friggin' Christmas,0,2014,\N,88,Comedy
520,1596,movie,Movin' In,Movin' In,0,2010,\N,95,"Comedy,Romance"
521,1597,tvMiniSeries,Bloodletting & Miraculous Cures,Bloodletting & Miraculous Cures,0,2010,\N,60,Drama
522,1598,movie,House Under Siege,House Under Siege,0,2010,\N,78,"Action,Thriller"
523,1599,movie,Monkeyman935,Monkeyman935,0,2010,\N,\N,Horror
524,1600,video,RMS Titanic: The Story Biograph Told,RMS Titanic: The Story Biograph Told,0,2012,\N,60,"Adventure,Documentary,Drama"
525,1601,movie,Unthinkable,Unthinkable,0,2010,\N,97,"Drama,Thriller"
526,1602,movie,Jackboots on Whitehall,Jackboots on Whitehall,0,2010,\N,91,"Animation,Comedy,Sci-Fi"
527,1603,movie,Gangster Kittens,Gangster Kittens,0,2016,\N,\N,"Drama,Thriller"
528,1604,movie,Periphery,Periphery,0,2011,\N,\N,Drama
529,1605,movie,Victim,Victim,0,2010,\N,90,"Horror,Thriller"
530,1606,movie,The Legend of Tarzan,The Legend of Tarzan,0,2016,\N,110,"Action,Adventure,Drama"
531,1607,movie,The Happy Housewife,De gelukkige huisvrouw,0,2010,\N,100,"Comedy,Drama,Romance"
532,1608,movie,I Am Not a Bird,I Am Not a Bird,0,2018,\N,\N,"Drama,Thriller"
533,1609,movie,The Dead Undead,The Dead Undead,0,2010,\N,89,"Action,Horror,Sci-Fi"
534,1610,video,Hogzilla,Hogzilla,0,2014,\N,90,Horror
535,1611,movie,Truth About Kerry,Truth About Kerry,0,2010,\N,84,"Drama,Mystery,Thriller"
536,1612,movie,Pizza with Bullets,Pizza with Bullets,0,2010,\N,99,Comedy
537,1613,movie,Harry Potter and the Deathly Hallows: Part 1,Harry Potter and the Deathly Hallows: Part 1,0,2010,\N,146,"Adventure,Family,Fantasy"
538,1614,movie,Road to Red,Road to Red,0,2016,\N,120,"Action,Adventure,Thriller"
539,1615,movie,White Men Can't Dance,White Men Can't Dance,0,2012,\N,105,"Drama,Family"
540,1616,tvSeries,Shooting Gallery,Shooting Gallery,0,2011,\N,\N,\N
541,1617,tvEpisode,Celebrity Mastermind 2009/2010: Episode 5,Celebrity Mastermind 2009/2010: Episode 5,0,2010,\N,28,Game-Show
542,1618,movie,The Penthouse,The Penthouse,0,2010,\N,89,Comedy
543,1619,movie,Deep Gold 3D,Deep Gold,0,2011,\N,86,Action
544,1620,videoGame,Star Trek Online,Star Trek Online,0,2010,\N,\N,"Action,Adventure,Sci-Fi"
545,1621,movie,The Man in the Silo,The Man in the Silo,0,2016,\N,55,Drama
546,1622,movie,Jun-09,Jun-09,0,2018,\N,95,"Horror,Mystery,Thriller"
547,1623,movie,"Glenn, the Flying Robot","Glenn, the Flying Robot",0,2010,\N,85,"Drama,Sci-Fi"
548,1624,movie,The Waiter,The Waiter,0,2010,\N,92,"Action,Crime,Drama"
549,1625,movie,Rabbit Hole,Rabbit Hole,0,2010,\N,91,Drama
550,1626,tvEpisode,Garage Alone/Camp Happy Helpers,Garage Alone/Camp Happy Helpers,0,2017,\N,22,"Adventure,Animation,Comedy"
551,1627,movie,Joe Dick,Joe Dick,0,2017,\N,96,Comedy
552,1628,movie,The Devil's Flower,Tsvetok dyavola,0,2010,\N,90,"Mystery,Romance"
553,1629,movie,The Last Airbender,The Last Airbender,0,2010,\N,103,"Action,Adventure,Family"
554,1630,movie,Freaky Deaky,Freaky Deaky,0,2012,\N,90,"Comedy,Crime,Thriller"
555,1631,movie,Silent Hill: Revelation,Silent Hill: Revelation,0,2012,\N,95,Horror
556,1632,tvSeries,Regresso a Sizalinda,Regresso a Sizalinda,0,2010,\N,\N,Drama
557,1633,movie,Arthur 3: The War of the Two Worlds,Arthur 3: la guerre des deux mondes,0,2010,\N,101,"Adventure,Animation,Family"
558,1634,movie,White Knuckles,White Knuckles,0,2010,\N,88,"Drama,Thriller"
559,1635,movie,Salt,Salt,0,2010,\N,100,"Action,Crime,Mystery"
560,1636,tvSeries,Game of Thrones,Game of Thrones,0,2011,\N,57,"Action,Adventure,Drama"
561,1637,movie,Source Code,Source Code,0,2011,\N,93,"Mystery,Romance,Sci-Fi"
562,1638,tvEpisode,Balls,Balls,0,2013,\N,\N,"Documentary,History"
563,1639,movie,Black Swan,Black Swan,0,2010,\N,108,"Drama,Thriller"
564,1640,movie,Green Zone,Green Zone,0,2010,\N,115,"Action,Drama,Thriller"
565,1641,movie,The Amazing Spider-Man,The Amazing Spider-Man,0,2012,\N,136,"Action,Adventure,Sci-Fi"
566,1642,movie,Coffee Sex You,Coffee Sex You,0,2014,\N,88,Drama
567,1643,tvEpisode,Insulation,Insulation,0,2013,\N,\N,"Documentary,History"
568,1644,movie,The Killer Inside Me,The Killer Inside Me,0,2010,\N,109,"Crime,Drama,Thriller"
569,1645,movie,Robin Hood,Robin Hood,0,2010,\N,140,"Action,Adventure,Drama"
570,1646,movie,Reach Me,Reach Me,0,2014,\N,95,"Comedy,Crime,Drama"
571,1647,movie,Nine Dead,Nine Dead,0,2010,\N,98,"Crime,Drama,Horror"
572,1648,movie,Heart of Now,Heart of Now,0,2010,\N,90,Drama
573,1649,videoGame,Final Fantasy XV,Fainaru fantajvÆ XV,0,2016,\N,\N,"Action,Adventure,Fantasy"
574,1650,movie,Let Me Survive,Let Me Survive,0,2013,\N,\N,Drama
575,1651,movie,Beautiful Darling,Beautiful Darling,0,2010,\N,85,Documentary
576,1652,movie,Private Security Officer: Los Angeles,Private Security Officer: Los Angeles,0,2010,\N,84,"Action,Comedy,Crime"
577,1653,movie,"Truth in Numbers? Everything, According to Wikipedia","Truth in Numbers? Everything, According to Wikipedia",0,2010,\N,85,Documentary
578,1654,movie,Avenge,Avenge,0,2014,\N,88,Drama
579,1655,movie,A Monster in Paris,Un monstre v† Paris,0,2011,\N,90,"Adventure,Animation,Comedy"
580,1656,movie,Devour,Devour,0,2011,\N,\N,Horror
581,1657,movie,The Trouble with Cali,The Trouble with Cali,0,2012,\N,\N,Comedy
582,1658,movie,The House of Sun,Dom Solntsa,0,2010,\N,110,Drama
583,1659,movie,Made in Romania,Made in Romania,0,2010,\N,95,Comedy
584,1660,movie,Feast of the Assumption: BTK and the Otero Family Murders,Feast of the Assumption: The Otero Family Murders,0,2010,\N,86,"Crime,Documentary"
585,1661,movie,The Sorcerer's Apprentice,The Sorcerer's Apprentice,0,2010,\N,109,"Action,Adventure,Family"
586,1662,movie,The Fighter,The Fighter,0,2010,\N,116,"Biography,Drama,Sport"
587,1663,movie,Pushin' Up Daisies,Pushin' Up Daisies,0,2010,\N,87,Comedy
588,1664,tvSeries,Bubble Guppies,Bubble Guppies,0,2011,2019,24,"Animation,Comedy,Family"
589,1665,movie,Have You Heard from Johannesburg: Hell of a Job,Have You Heard from Johannesburg: Hell of a Job,0,2010,\N,57,Documentary
590,1666,movie,Have You Heard from Johannesburg: Road to Resistance,Have You Heard from Johannesburg: Road to Resistance,0,2010,\N,65,Documentary
591,1667,movie,L'imbroglio nel lenzuolo,L'imbroglio nel lenzuolo,0,2010,\N,105,"Comedy,Romance"
592,1668,movie,The Conspirator,The Conspirator,0,2010,\N,122,"Crime,Drama,History"
593,1669,movie,Little Witch on a Broomstick,Saxv°na a Lexikon kouzel,0,2011,\N,90,"Animation,Comedy,Family"
594,1670,movie,Strange Frame: Love & Sax,Strange Frame: Love & Sax,0,2012,\N,98,"Animation,Crime,Music"
595,1671,movie,White Wall,White Wall,0,2010,\N,91,"Action,Mystery,Sci-Fi"
596,1672,movie,Hugo,Hugo,0,2011,\N,126,"Adventure,Drama,Family"
597,1673,movie,Little Fockers,Little Fockers,0,2010,\N,98,"Comedy,Romance"
598,1674,movie,The Chosen One,The Chosen One,0,2010,\N,101,"Comedy,Drama"
599,1675,movie,The Reason,La razv=n,0,2010,\N,70,"Drama,Fantasy,History"
600,1676,tvEpisode,Ick Alone,Ick Alone,0,2012,\N,\N,"Animation,Family"
601,1677,tvEpisode,The Big Race,The Big Race,0,2012,\N,\N,"Animation,Family"
602,1678,tvEpisode,Windy Night,Windy Night,0,2012,\N,\N,"Animation,Family"
603,1679,tvEpisode,World Tree Day,World Tree Day,0,2012,\N,\N,"Animation,Family"
604,1680,movie,Back Roads,Back Roads,0,2018,\N,101,"Drama,Thriller"
605,1681,movie,Have You Heard from Johannesburg: Fair Play,Have You Heard from Johannesburg: Fair Play,0,2010,\N,96,Documentary
606,1682,movie,Have You Heard from Johannesburg: The Bottom Line,Have You Heard from Johannesburg: The Bottom Line,0,2010,\N,86,Documentary
607,1683,movie,Lives and Deaths of the Poets,Lives and Deaths of the Poets,0,2011,\N,93,Comedy
608,1684,movie,Headhunter: The Assessment Weekend,Headhunter: The Assessment Weekend,0,2010,\N,93,Thriller
609,1685,movie,Justice League,Justice League,0,2017,\N,120,"Action,Adventure,Fantasy"
610,1686,movie,Black Limousine,The Land of the Astronauts,0,2010,\N,102,Drama
611,1687,movie,Hitchcock,Hitchcock,0,2012,\N,98,"Biography,Drama"
612,1688,movie,Sinatra Club,Sinatra Club,0,2010,\N,88,"Action,Biography,Crime"
613,1689,short,Detention,Detention,0,2012,\N,16,"Adventure,Comedy,Horror"
614,1690,movie,Boyle Heights,Boyle Heights,0,2010,\N,101,Action
615,1691,movie,Chooriyan,Chooriyan,0,2015,\N,\N,"Drama,Musical,Romance"
616,1692,movie,Fair Game,Fair Game,0,2010,\N,108,"Biography,Drama,Thriller"
617,1693,videoGame,Red Steel 2,Red Steel 2,0,2010,\N,\N,"Action,Western"
618,1694,movie,Sucker Punch,Sucker Punch,0,2011,\N,110,"Action,Fantasy"
619,1695,movie,Have You Heard from Johannesburg: Free at Last,Have You Heard from Johannesburg: Free at Last,0,2010,\N,78,Documentary
620,1696,tvSeries,Boardwalk Empire,Boardwalk Empire,0,2010,2014,55,"Crime,Drama,History"
621,1697,movie,Lottery Ticket,Lottery Ticket,0,2010,\N,99,Comedy
622,1698,movie,The Chronicles of Narnia: The Voyage of the Dawn Treader,The Chronicles of Narnia: The Voyage of the Dawn Treader,0,2010,\N,113,"Adventure,Family,Fantasy"
623,1699,movie,Four,Four,0,2012,\N,75,"Drama,Romance"
624,1700,movie,Heredity,Heredity,0,2010,\N,\N,"Horror,Thriller"
625,1701,movie,Funkytown,Funkytown,0,2011,\N,132,Drama
626,1702,movie,The Unwanted,The Unwanted,0,2013,\N,95,"Drama,Thriller"
627,1703,movie,The Adventures of Tintin,The Adventures of Tintin,0,2011,\N,107,"Action,Adventure,Animation"
628,1704,movie,You're Nobody 'til Somebody Kills You,You're Nobody 'til Somebody Kills You,0,2012,\N,86,"Horror,Thriller"
629,1705,movie,El Padrino II: Border Intrusion,El Padrino II: Border Intrusion,0,2011,\N,90,Crime
630,1706,movie,A Dance for Grace,A Dance for Grace,0,2010,\N,\N,Drama
631,1707,movie,Multiple Sarcasms,Multiple Sarcasms,0,2010,\N,97,Drama
632,1708,videoGame,Black Mirror 2,Black Mirror 2,0,2010,\N,\N,"Adventure,Horror,Mystery"
633,1709,movie,Machete,Machete,0,2010,\N,105,"Action,Crime,Thriller"
634,1710,movie,The Magic Crystal,Maaginen kristalli,0,2011,\N,80,"Adventure,Animation,Comedy"
635,1711,movie,A Flat,A Flat,0,2010,\N,103,"Drama,Horror,Romance"
636,1712,movie,The Gainesville Ripper,The Gainesville Ripper,0,2010,\N,90,Horror
637,1713,movie,Dear John,Dear John,0,2010,\N,108,"Drama,Romance,War"
638,1714,movie,Detention,Detention,0,2010,\N,81,"Horror,Thriller"
639,1715,movie,The Green Hornet,The Green Hornet,0,2011,\N,119,"Action,Comedy,Crime"
640,1716,movie,The Significant Other,The Significant Other,0,2012,\N,90,"Comedy,Romance"
641,1717,short,The Passport,The Passport,0,2010,\N,18,Short
642,1718,tvMovie,Dave Brubeck: In His Own Sweet Way,Dave Brubeck: In His Own Sweet Way,0,2010,\N,85,Documentary
643,1719,movie,Hanna,Hanna,0,2011,\N,111,"Action,Drama,Thriller"
644,1720,movie,The Wolf of Wall Street,The Wolf of Wall Street,0,2013,\N,180,"Biography,Comedy,Crime"
645,1721,movie,Adventure Scouts,Adventure Scouts,0,2010,\N,83,"Action,Adventure,Comedy"
646,1722,movie,The Courier,The Courier,0,2012,\N,95,"Action,Crime,Drama"
647,1723,movie,The Unforgiven,The Unforgiven,0,2011,\N,115,Drama
648,1724,movie,Pelv©: Birth of a Legend,Pelv©: Birth of a Legend,0,2016,\N,107,"Biography,Drama,Sport"
649,1725,movie,The Extendables,The Extendables,0,2014,\N,84,Comedy
650,1726,movie,Legend of the Red Reaper,Legend of the Red Reaper,0,2013,\N,99,"Action,Adventure,Fantasy"
651,1727,movie,The Slimbones,The Slimbones,0,2014,\N,\N,Animation
652,1728,movie,Bibliothv®que Pascal,Bibliothv®que Pascal,0,2010,\N,105,Drama
653,1729,movie,The Experiment,The Experiment,0,2010,\N,96,"Drama,Thriller"
654,1730,movie,Looking for the Lost Tango,Stadilaista tangoa etsimv§ssv§,0,2010,\N,90,"Documentary,Music"
655,1731,movie,Two Knives,Two Knives,0,2011,\N,107,Action
656,1732,movie,Straw Dogs,Straw Dogs,0,2011,\N,110,"Action,Drama,Thriller"
657,1733,movie,Megamind,Megamind,0,2010,\N,95,"Action,Animation,Comedy"
658,1734,tvMovie,Welcome to the Family,Welcome to the Family,0,2010,\N,\N,Reality-TV
659,1735,movie,The Young Messiah,The Young Messiah,0,2016,\N,111,"Drama,Fantasy"
660,1736,movie,If You Only Knew,If You Only Knew,0,2011,\N,106,Drama
661,1737,movie,Call of Life,Call of Life,0,2010,\N,60,Documentary
662,1738,movie,Last Breath,Last Breath,0,2010,\N,91,Horror
663,1739,movie,The Iron Lady,The Iron Lady,0,2011,\N,105,"Biography,Drama"
664,1740,movie,Colombian Interviews,Colombian Interviews,0,2011,\N,\N,"Drama,Thriller"
665,1741,movie,Opal,Opal,0,2010,\N,79,Drama
666,1742,movie,The Steamroom,The Steamroom,0,2010,\N,91,"Comedy,Drama"
667,1743,movie,Return of the Atom,Atomin paluu,0,2015,\N,110,Documentary
668,1744,movie,Love Sick Diaries,Love Sick Diaries,0,2010,\N,\N,Drama
669,1745,movie,Knight and Day,Knight and Day,0,2010,\N,109,"Action,Comedy"
670,1746,movie,Dylan Dog: Dead of Night,Dylan Dog: Dead of Night,0,2010,\N,107,"Action,Comedy,Crime"
671,1747,movie,Alice in Wonderland,Alice in Wonderland,0,2010,\N,108,"Adventure,Family,Fantasy"
672,1748,movie,Child 44,Child 44,0,2015,\N,137,"Crime,Drama,Thriller"
673,1749,movie,Bad Dog and Superhero,Bad Dog and Superhero,0,2014,\N,72,Comedy
674,1750,movie,Holy Wars,Holy Wars,0,2010,\N,84,Documentary
675,1751,movie,Felony Murder,Felony Murder,0,2019,\N,\N,"Documentary,Drama"
676,1752,video,The Fracktaplots,The Fracktaplots,0,2010,\N,66,Comedy
677,1753,movie,The Sisterhood of Night,The Sisterhood of Night,0,2014,\N,104,"Drama,Mystery,Thriller"
678,1754,movie,The Cursed,The Cursed,0,2010,\N,88,"Horror,Romance,Thriller"
679,1755,movie,Pax,Pax,0,2010,\N,75,Drama
680,1756,movie,Prime of Your Life,Prime of Your Life,0,2010,\N,93,"Comedy,Drama,Romance"
681,1757,movie,Splintered,Splintered,0,2010,\N,85,"Horror,Thriller"
682,1758,movie,The Runaways,The Runaways,0,2010,\N,106,"Biography,Drama,Music"
683,1759,movie,The Tortured,The Tortured,0,2010,\N,79,"Horror,Thriller"
684,1760,movie,Heart Like a Hand Grenade,Heart Like a Hand Grenade,0,2015,\N,96,Documentary
685,1761,movie,Our Brand Is Crisis,Our Brand Is Crisis,0,2015,\N,107,"Comedy,Drama"
686,1762,movie,Jeffie Was Here,Jeffie Was Here,0,2010,\N,110,"Adventure,Comedy"
687,1763,movie,Deal,Deal,0,2010,\N,101,"Action,Drama"
688,1764,movie,Selma,Selma,0,2014,\N,128,"Biography,Drama,History"
689,1765,movie,Centurion,Centurion,0,2010,\N,97,"Action,Adventure,Drama"
690,1766,movie,Patagonia,Patagonia,0,2010,\N,119,"Adventure,Drama"
691,1767,movie,The Method,The Method,0,2017,\N,\N,"Drama,Mystery,Romance"
692,1768,movie,Certified Copy,Copie conforme,0,2010,\N,106,Drama
693,1769,movie,Takedowns and Falls,Takedowns and Falls,0,2010,\N,127,"Documentary,Sport"
694,1770,movie,Babies,Bv©bv©(s),0,2010,\N,79,Documentary
695,1771,movie,Odd Brodsky,Odd Brodsky,0,2014,\N,93,Comedy
696,1772,tvSeries,Div°rio do Olivier,Div°rio do Olivier,0,2016,2017,\N,Family
697,1773,movie,Deer Season,Deer Season,0,2015,\N,92,Thriller
698,1774,movie,Rising Star,Rising Star,0,2010,\N,98,Drama
699,1775,movie,The Way Back,The Way Back,0,2010,\N,133,"Adventure,Drama,History"
700,1776,movie,Where's My Stuff?,Where's My Stuff?,0,2011,\N,85,Comedy
701,1777,movie,Kingshighway,Kingshighway,0,2010,\N,\N,Crime
702,1778,movie,Programming the Nation?,Programming the Nation?,0,2011,\N,105,Documentary
703,1779,movie,Argo,Argo,0,2012,\N,120,"Biography,Drama,Thriller"
704,1780,movie,Session,Session,0,2011,\N,89,Drama
705,1781,short,8 Butterflies,8 Butterflies,0,2010,\N,17,"Drama,Horror,Short"
706,1782,movie,The People I've Slept With,The People I've Slept With,0,2012,\N,89,Comedy
707,1783,movie,Gunned Down,Gunned Down,0,2017,\N,95,"Action,Thriller"
708,1784,movie,Palominas,Palominas,0,2018,\N,\N,"Action,Drama,Western"
709,1785,movie,Gemini Man,Gemini Man,0,2019,\N,\N,"Action,Drama,Sci-Fi"
710,1786,movie,The Pardon,The Pardon,0,2013,\N,120,Crime
711,1787,movie,Dead Americans,Dead Americans,0,2010,\N,\N,Sci-Fi
712,1788,movie,Kill Speed,Kill Speed,0,2010,\N,113,"Action,Crime,Thriller"
713,1789,movie,Wall Street: Money Never Sleeps,Wall Street: Money Never Sleeps,0,2010,\N,133,Drama
714,1790,movie,Tied in Blood,Tied in Blood,0,2012,\N,88,"Drama,Horror,Mystery"
715,1791,movie,Asylum Blackout,The Incident,0,2011,\N,85,"Horror,Thriller"
716,1792,movie,The Magnificent Eleven,The Magnificent Eleven,0,2013,\N,91,"Comedy,Drama,Sport"
717,1793,movie,Secretariat,Secretariat,0,2010,\N,123,"Biography,Drama,Family"
718,1794,movie,Krrish 3,Krrish 3,0,2013,\N,152,"Action,Adventure,Sci-Fi"
719,1795,movie,Poltergeist,Poltergeist,0,2015,\N,93,"Horror,Thriller"
720,1796,movie,Tied to a Chair,Tied to a Chair,0,2011,\N,94,Comedy
721,1797,short,The Small Assassin,The Small Assassin,0,2011,\N,16,"Mystery,Short,Thriller"
722,1798,tvEpisode,Baby on Board,Baby on Board,0,2010,\N,\N,"Comedy,Romance"
723,1799,movie,Beautiful Girl,Beautiful Girl,0,2014,\N,90,Drama
724,1800,movie,The Warrior's Way,The Warrior's Way,0,2010,\N,100,"Action,Fantasy,Western"
725,1801,movie,Inseparable,Xing ying bu li,0,2011,\N,97,"Drama,Mystery"
726,1802,movie,The Descendants,The Descendants,0,2011,\N,115,"Comedy,Drama"
727,1803,tvMiniSeries,Alias Grace,Alias Grace,0,2017,2017,60,"Biography,Crime,Drama"
728,1804,movie,Bad Meat,Bad Meat,0,2011,\N,92,"Comedy,Horror"
729,1805,movie,Somewhere Tonight,Somewhere Tonight,0,2011,\N,85,"Comedy,Drama,Romance"
730,1806,movie,Iron Sky,Iron Sky,0,2012,\N,93,"Action,Comedy,Sci-Fi"
731,1807,movie,Cold Skin,Cold Skin,0,2017,\N,108,"Adventure,Horror,Sci-Fi"
732,1808,movie,The Eagle,The Eagle,0,2011,\N,114,"Action,Adventure,Drama"
733,1809,movie,Suspiria,Suspiria,0,2018,\N,152,"Fantasy,Horror,Mystery"
734,1810,movie,The Photon Effect,The Photon Effect,0,2010,\N,102,Sci-Fi
735,1811,movie,Women's Studies,Women's Studies,0,2010,\N,96,Horror
736,1812,movie,Cody the Robosapien,Robosapien: Rebooted,0,2013,\N,86,"Adventure,Drama,Family"
737,1813,movie,Everyday,Everyday,0,2012,\N,106,Drama
738,1814,tvSeries,Unterwegs in Sachsen,Unterwegs in Sachsen,0,2018,\N,30,Documentary
739,1815,tvSeries,Unterwegs in Sachsen-Anhalt,Unterwegs in Sachsen-Anhalt,0,2016,\N,30,Documentary
740,1816,tvSeries,Unterwegs in Thvºringen,Unterwegs in Thvºringen,0,2018,\N,30,Documentary
741,1817,movie,The Book of Eli,The Book of Eli,0,2010,\N,118,"Action,Adventure,Drama"
742,1818,videoGame,StarCraft II: Wings of Liberty,StarCraft II: Wings of Liberty,0,2010,\N,\N,"Action,Sci-Fi"
743,1819,movie,The King of Fighters,The King of Fighters,0,2010,\N,93,"Action,Sci-Fi,Thriller"
744,1820,movie,Legion,Legion,0,2010,\N,100,"Action,Fantasy,Horror"
745,1821,movie,The Story of Luke,The Story of Luke,0,2012,\N,96,"Comedy,Drama"
746,1822,movie,The Bounty Hunter,The Bounty Hunter,0,2010,\N,110,"Action,Comedy,Romance"
747,1823,movie,Manipulation,Manipulation,0,2011,\N,90,"Drama,Thriller"
748,1824,movie,Let the Game Begin,Let the Game Begin,0,2010,\N,110,"Comedy,Drama,Mystery"
749,1825,movie,The Nutcracker in 3D,The Nutcracker in 3D,0,2010,\N,110,"Action,Family,Fantasy"
750,1826,movie,Just Inv®s,Just Inv®s,0,2010,\N,90,Drama
751,1827,tvMovie,Dark Island,Dark Island,0,2010,\N,87,"Action,Sci-Fi,Thriller"
752,1828,movie,The Legend of Hercules,The Legend of Hercules,0,2014,\N,99,"Action,Adventure,Fantasy"
753,1829,movie,Not Another B Movie,Not Another B Movie,0,2010,\N,87,Comedy
754,1830,movie,For the Good of Others,El mal ajeno,0,2010,\N,107,"Drama,Sci-Fi,Thriller"
755,1831,tvSeries,Titans,Titans,0,2018,\N,45,"Action,Adventure,Fantasy"
756,1832,movie,Silver Linings Playbook,Silver Linings Playbook,0,2012,\N,122,"Comedy,Drama,Romance"
757,1833,movie,Wasteland,Wasteland,0,2011,\N,80,"Action,Adventure,Sci-Fi"
758,1834,movie,You and I,You and I,0,2011,\N,100,"Drama,Romance"
759,1835,movie,Ghost Hoax,Ghost Hoax,0,2010,\N,108,"Horror,Mystery,Thriller"
760,1836,video,Cross,Cross,0,2011,\N,105,"Action,Fantasy"
761,1837,movie,Unfinished Song,Song for Marion,0,2012,\N,90,"Comedy,Drama,Music"
762,1838,movie,Aaj Kal,Aaj Kal,0,2010,\N,90,"Comedy,Romance"
763,1839,movie,Camp Hell,Camp Hell,0,2010,\N,99,"Drama,Horror"
764,1840,movie,Caris' Peace,Caris' Peace,0,2011,\N,76,Documentary
765,1841,movie,Parental Guidance,Parental Guidance,0,2012,\N,105,"Comedy,Family"
766,1842,movie,Beyond the Barbed Wire: An Artist View of the Holocaust,Beyond the Barbed Wire: An Artist View of the Holocaust,0,2010,\N,68,"Documentary,War"
767,1843,video,Einstein Pals,Einstein Pals,0,2011,\N,\N,Family
768,1844,tvSeries,Living Biblically,Living Biblically,0,2018,2018,30,Comedy
769,1845,movie,"Girl, Adopted","Girl, Adopted",0,2013,\N,78,"Biography,Documentary,Drama"
770,1846,movie,Howl,Howl,0,2010,\N,84,"Biography,Drama,Romance"
771,1847,movie,Pablo,Pablo,0,2012,\N,90,"Animation,Biography"
772,1848,movie,Chasing Happiness,Chasing Happiness,0,2012,\N,80,Comedy
773,1849,movie,The Singularity Is Near,The Singularity Is Near,0,2010,\N,79,"Documentary,Drama,Sci-Fi"
774,1850,video,Boy Toy,Boy Toy,0,2011,\N,91,Comedy
775,1851,tvSeries,The Shannara Chronicles,The Shannara Chronicles,0,2016,\N,42,"Adventure,Fantasy,Sci-Fi"
776,1852,movie,"Havana, Habana","Havana, Habana",0,2017,\N,65,Drama
777,1853,movie,The Portal,The Portal,0,2010,\N,86,Horror
778,1854,movie,Ivory,Ivory,0,2010,\N,84,"Drama,Music"
779,1855,movie,Lost Everything,Lost Everything,0,2010,\N,97,Drama
780,1856,movie,Goosebumps,Goosebumps,0,2015,\N,103,"Adventure,Comedy,Family"
781,1857,tvEpisode,Winter Tech,Winter Tech,0,2010,\N,\N,"Documentary,History"
782,1858,movie,Repo Men,Repo Men,0,2010,\N,111,"Action,Crime,Sci-Fi"
783,1859,movie,The Big Year,The Big Year,0,2011,\N,100,Comedy
784,1860,movie,Dreams Awake,Dreams Awake,0,2011,\N,110,Drama
785,1861,movie,One Lucky Elephant,One Lucky Elephant,0,2010,\N,84,Documentary
786,1862,movie,House Broken,House Broken,0,2010,\N,84,Comedy
787,1863,movie,The Best Things in the World,As Melhores Coisas do Mundo,0,2010,\N,100,"Comedy,Drama"
788,1864,movie,Life as We Know It,Life as We Know It,0,2010,\N,114,"Comedy,Drama,Romance"
789,1865,movie,The Dead Matter,The Dead Matter,0,2010,\N,90,"Fantasy,Horror"
790,1866,movie,Down and Distance,Down and Distance,0,2010,\N,\N,"Family,Sport"
791,1867,tvSeries,Pink Panther & Pals,Pink Panther & Pals,0,2010,2010,\N,"Animation,Comedy,Family"
792,1868,tvEpisode,Episode XCII,Episode XCII,0,2017,\N,22,"Action,Adventure,Animation"
793,1869,movie,Sophomore,Sophomore,0,2012,\N,98,Comedy
794,1870,tvEpisode,Episode #1.5889,Episode #1.5889,0,2010,\N,\N,"Drama,Romance"
795,1871,movie,Four Stories of St. Julian,Four Stories of St. Julian,0,2010,\N,85,"Crime,Thriller"
796,1872,movie,Transit,Transit,0,2012,\N,88,"Action,Crime,Thriller"
797,1873,movie,The Legend of Awesomest Maximus,The Legend of Awesomest Maximus,0,2011,\N,90,"Action,Comedy"
798,1874,movie,Spud,Spud,0,2010,\N,103,"Comedy,Drama"
799,1875,movie,Atv© Onde?,Atv© Onde?,0,2011,\N,73,"Mystery,Thriller"
800,1876,movie,The Rogue,The Rogue,0,2019,\N,\N,"Action,Drama,Thriller"
801,1877,movie,This Bitter Earth,This Bitter Earth,0,2012,\N,76,"Drama,Music"
802,1878,movie,Small Town Saturday Night,Small Town Saturday Night,0,2010,\N,94,Drama
803,1879,movie,Bare Knuckles,Bare Knuckles,0,2010,\N,90,"Action,Drama"
804,1880,tvSeries,Queen of the South,Queen of the South,0,2016,\N,42,"Action,Crime,Drama"
805,1881,movie,The Evolution of Dad,The Evolution of Dad,0,2010,\N,94,Documentary
806,1882,movie,Je ne vous oublierai jamais,Je ne vous oublierai jamais,0,2010,\N,85,"Drama,History"
807,1883,movie,Boyhood,Boyhood,0,2014,\N,165,Drama
808,1884,movie,Costa Rica 3D,Costa Rica 3D,0,2019,\N,82,"Adventure,Documentary"
809,1885,movie,The Ascension,The Ascension,0,2011,\N,93,"Drama,Horror"
810,1886,movie,The Vampires of Zanzibar,The Vampires of Zanzibar,0,2010,\N,106,"Comedy,Horror,Musical"
811,1887,movie,For Christ's Sake,For Christ's Sake,0,2010,\N,\N,Comedy
812,1888,tvEpisode,Engineering Disasters: New Orleans,Engineering Disasters: New Orleans,0,2013,\N,\N,"Documentary,History"
813,1889,movie,Water for Elephants,Water for Elephants,0,2011,\N,120,"Drama,Romance"
814,1890,movie,Adult World,Adult World,0,2013,\N,97,"Comedy,Drama"
815,1891,movie,Game of Assassins,The Gauntlet,0,2013,\N,80,"Action,Adventure,Horror"
816,1892,movie,Monte Carlo,Monte Carlo,0,2011,\N,109,"Adventure,Comedy,Family"
817,1893,movie,Footloose,Footloose,0,2011,\N,113,"Comedy,Drama,Music"
818,1894,movie,Cavaliers seuls,Cavaliers seuls,0,2010,\N,\N,Documentary
819,1895,movie,Sunburnt Angels,Sunburnt Angels,0,2011,\N,119,"Comedy,Crime"
820,1896,movie,House of Good and Evil,House of Good and Evil,0,2013,\N,108,"Horror,Thriller"
821,1897,movie,Midnight Son,Midnight Son,0,2011,\N,88,Horror
822,1898,movie,The Two Deaths of Quincas Wateryell,Quincas Berro d'vÅgua,0,2010,\N,104,"Comedy,Drama"
823,1899,movie,Habana Eva,Habana Eva,0,2010,\N,106,"Comedy,Romance"
824,1900,tvEpisode,More Ice,More Ice,0,2015,\N,\N,"Documentary,History"
825,1901,tvEpisode,Yard Tech,Yard Tech,0,2013,\N,\N,"Documentary,History"
826,1902,movie,Good Intentions,Good Intentions,0,2010,\N,84,Comedy
827,1903,movie,Elvis & Madonna,Elvis & Madona,0,2010,\N,105,"Comedy,Romance"
828,1904,movie,The Dead Sleep,The Dead Sleep,0,2010,\N,94,"Drama,Thriller"
829,1905,movie,The Amazing Adventures of the Living Corpse,The Amazing Adventures of the Living Corpse,0,2012,\N,88,"Action,Animation,Fantasy"
830,1906,movie,Blood River,Blood River,0,2010,\N,93,Horror
831,1907,movie,Ghost Rider: Spirit of Vengeance,Ghost Rider: Spirit of Vengeance,0,2011,\N,96,"Action,Fantasy,Thriller"
832,1908,movie,Jelly,Jelly,0,2010,\N,104,"Comedy,Romance"
833,1909,movie,From the Midst of Pain,From the Midst of Pain,0,2010,\N,\N,"Documentary,Drama"
834,1910,movie,Winchester,Winchester,0,2018,\N,99,"Biography,Fantasy,Horror"
835,1911,movie,Messages Deleted,Messages Deleted,0,2010,\N,92,"Mystery,Thriller"
836,1912,movie,Buffalo Girls,Buffalo Girls,0,2012,\N,65,Documentary
837,1913,movie,Subway Busker,Subway Busker,0,2010,\N,101,"Documentary,Music"
838,1914,movie,The Reverend,The Reverend,0,2011,\N,98,Horror
839,1915,movie,See You in September,See You in September,0,2010,\N,91,"Comedy,Romance"
840,1916,tvEpisode,Coast to Coast,Coast to Coast,0,2017,\N,\N,"Action,Crime,Reality-TV"
841,1917,movie,Troubadours,Troubadours,0,2010,\N,\N,Drama
842,1918,tvSeries,The Passage,The Passage,0,2018,\N,\N,"Action,Adventure,Drama"
843,1919,movie,Skyfall,Skyfall,0,2012,\N,143,"Action,Adventure,Thriller"
844,1920,movie,Beyond the Grave,Beyond the Grave,0,2010,\N,89,"Action,Crime,Horror"
845,1921,movie,Jonah Hex,Jonah Hex,0,2010,\N,81,"Action,Drama,Fantasy"
846,1922,movie,The Dark Party,The Dark Party,0,2013,\N,95,"Drama,Romance"
847,1923,movie,Underground,ASD. Alma sin duev±o,0,2010,\N,\N,\N
848,1924,movie,The Beautiful and Damned,The Beautiful and Damned,0,2010,\N,\N,Drama
849,1925,movie,Dark Shadows,Dark Shadows,0,2012,\N,113,"Comedy,Fantasy,Horror"
850,1926,movie,Krews,Krews,0,2010,\N,105,"Action,Crime,Drama"
851,1927,movie,Psychosomatika,Psychosomatika,0,2010,\N,\N,"Comedy,Drama,Mystery"
852,1928,movie,Elimination,Elimination,0,2010,\N,87,"Action,Horror,Thriller"
853,1929,movie,Frances: A Mother Divine,Frances: A Mother Divine,0,2010,\N,\N,Documentary
854,1930,movie,Hauntsville,Hauntsville,0,2016,\N,\N,"Horror,Thriller"
855,1931,movie,Hysteria,Hysteria,0,2010,\N,\N,"Horror,Thriller"
856,1932,movie,The Girl from the Naked Eye,The Girl from the Naked Eye,0,2012,\N,84,"Action,Crime,Mystery"
857,1933,movie,Beautiful Noise,Beautiful Noise,0,2014,\N,87,"Documentary,Music"
858,1934,movie,Happiness Runs,Happiness Runs,0,2010,\N,88,Drama
859,1935,movie,10 Years Later,10 Years Later,0,2010,\N,98,"Comedy,Drama"
860,1936,movie,Jens Jensen: Harmonious World,Jens Jensen: Harmonious World,0,2010,\N,\N,Documentary
861,1937,movie,Jerry Cotton,Jerry Cotton,0,2010,\N,90,"Action,Comedy,Crime"
